test_loss,test_acc,epoch,step
0.3103239834308624,0.8993993997573853,0,0
